,precision,recall,f1-score,support
False,0.9982174688057041,0.9955555555555555,0.9968847352024921,1125.0
True,0.9867724867724867,0.9946666666666667,0.9907038512616202,375.0
accuracy,0.9953333333333333,0.9953333333333333,0.9953333333333333,0.9953333333333333
macro avg,0.9924949777890955,0.9951111111111111,0.9937942932320561,1500.0
weighted avg,0.9953562232973997,0.9953333333333333,0.9953395142172742,1500.0
