,precision,recall,f1-score,support
False,0.9936808846761453,0.9928966061562746,0.9932885906040267,1267.0
True,0.9615384615384616,0.9656652360515021,0.9635974304068523,233.0
accuracy,0.9886666666666667,0.9886666666666667,0.9886666666666667,0.9886666666666667
macro avg,0.9776096731073034,0.9792809211038884,0.9784430105054396,1500.0
weighted avg,0.9886880949487586,0.9886666666666667,0.9886765637200656,1500.0
