,precision,recall,f1-score,support
False,0.9982238010657194,0.9991111111111111,0.9986672589960018,1125.0
True,0.9973262032085561,0.9946666666666667,0.9959946595460616,375.0
accuracy,0.998,0.998,0.998,0.998
macro avg,0.9977750021371378,0.9968888888888889,0.9973309592710318,1500.0
weighted avg,0.9979994016014285,0.998,0.9979991091335169,1500.0
