,precision,recall,f1-score,support
False,0.9556898288016112,0.8435555555555555,0.8961284230406042,1125.0
True,0.6528599605522682,0.8826666666666667,0.7505668934240363,375.0
accuracy,0.8533333333333334,0.8533333333333334,0.8533333333333334,0.8533333333333334
macro avg,0.8042748946769398,0.8631111111111112,0.8233476582323203,1500.0
weighted avg,0.8799823617392755,0.8533333333333334,0.8597380406364622,1500.0
