,precision,recall,f1-score,support
False,0.9937106918238994,0.9976322020520916,0.9956675856636471,1267.0
True,0.9868421052631579,0.9656652360515021,0.9761388286334057,233.0
accuracy,0.9926666666666667,0.9926666666666667,0.9926666666666667,0.9926666666666667
macro avg,0.9902763985435286,0.9816487190517968,0.9859032071485264,1500.0
weighted avg,0.992643771378131,0.9926666666666667,0.992634118738283,1500.0
