Modelo,Accuracy,Precision,Recall,F1-Score
KNeighbors,1.0,1.0,1.0,1.0
SVM,1.0,1.0,1.0,1.0
NeuralNetwork,1.0,1.0,1.0,1.0
RandomForest,0.998,0.9979994016014285,0.998,0.9979991091335169
GradientBoosting,0.998,0.9980029529794806,0.998,0.9980008869158596
DecisionTree,0.9953333333333333,0.9953562232973997,0.9953333333333333,0.9953395142172742
AdaBoost,0.9893333333333333,0.9893189587293129,0.9893333333333333,0.9893238096142702
LogisticRegression,0.988,0.987977399667896,0.988,0.9879675703500342
NaiveBayes,0.8533333333333334,0.8799823617392755,0.8533333333333334,0.8597380406364622
