,precision,recall,f1-score,support
False,0.9893899204244032,0.9946666666666667,0.9920212765957447,1125.0
True,0.983739837398374,0.968,0.9758064516129032,375.0
accuracy,0.988,0.988,0.988,0.988
macro avg,0.9865648789113886,0.9813333333333334,0.9839138641043239,1500.0
weighted avg,0.987977399667896,0.988,0.9879675703500342,1500.0
