,precision,recall,f1-score,support
False,0.9770925110132158,0.8752959747434885,0.9233971690258117,1267.0
True,0.5671232876712329,0.8884120171673819,0.6923076923076923,233.0
accuracy,0.8773333333333333,0.8773333333333333,0.8773333333333333,0.8773333333333333
macro avg,0.7721078993422243,0.8818539959554352,0.807852430666752,1500.0
weighted avg,0.9134106249874278,0.8773333333333333,0.8875012703089306,1500.0
