,precision,recall,f1-score,support
False,0.9991103202846975,0.9982222222222222,0.9986660738105825,1125.0
True,0.9946808510638298,0.9973333333333333,0.9960053262316911,375.0
accuracy,0.998,0.998,0.998,0.998
macro avg,0.9968955856742636,0.9977777777777778,0.9973357000211368,1500.0
weighted avg,0.9980029529794806,0.998,0.9980008869158596,1500.0
