,precision,recall,f1-score,support
False,0.9920141969831411,0.9937777777777778,0.9928952042628774,1125.0
True,0.9812332439678284,0.976,0.9786096256684491,375.0
accuracy,0.9893333333333333,0.9893333333333333,0.9893333333333333,0.9893333333333333
macro avg,0.9866237204754847,0.9848888888888889,0.9857524149656632,1500.0
weighted avg,0.9893189587293129,0.9893333333333333,0.9893238096142702,1500.0
