,precision,recall,f1-score,support
False,0.9936758893280633,0.9921073401736386,0.9928909952606636,1267.0
True,0.9574468085106383,0.9656652360515021,0.9615384615384616,233.0
accuracy,0.988,0.988,0.988,0.988
macro avg,0.9755613489193509,0.9788862881125704,0.9772147283995626,1500.0
weighted avg,0.9880483054410899,0.988,0.9880209016891482,1500.0
