,precision,recall,f1-score,support
False,0.992918961447679,0.9960536700868192,0.9944838455476753,1267.0
True,0.9781659388646288,0.9613733905579399,0.9696969696969697,233.0
accuracy,0.9906666666666667,0.9906666666666667,0.9906666666666667,0.9906666666666667
macro avg,0.9855424501561538,0.9787135303223795,0.9820904076223225,1500.0
weighted avg,0.9906273252731118,0.9906666666666667,0.9906336174988657,1500.0
